Post URL,Hashtags
https://www.instagram.com/cinecittamultiplexkino/p/DC_Wap2N_cu/,"['#Cinecitta', '#KinoErlebnis', '#Adventszeit', '#Familienzeit', '#DezemberHighlights', '#KinoMomente']"
https://www.instagram.com/cinecittamultiplexkino/p/DC6Iz3rJXsu/,"['#Cinecitta', '#Kino', '#Neustarts', '#Kinoprogramm']"
https://www.instagram.com/cinecittamultiplexkino/p/C5J4ojVLzbO/,[]
https://www.instagram.com/cinecittamultiplexkino/p/DDFJ3iNMIBz/,['#MUFASA']
https://www.instagram.com/cinecittamultiplexkino/reel/DDE-YVkMSSg/,[]
https://www.instagram.com/cinecittamultiplexkino/p/DDEi1N9vkQA/,"['#Cinecitta', '#SneakPreview', '#FilmÜberraschung']"
https://www.instagram.com/cinecittamultiplexkino/p/DC_t2C2sWhW/,"['#Vaiana2', '#AbenteuerRuf', '#HühnchenGoesKino']"
https://www.instagram.com/cinecittamultiplexkino/p/DC6Y0jyJTKW/,"['#sneakpreview', '#BlackDogFilm', '#sneak', '#Filmreview', '#Cinecitta', '#Doglovers', '#sneaknuernberg']"
https://www.instagram.com/cinecittamultiplexkino/p/DC3yTDSt9AG/,"['#Laufey', '#HollywoodBowl', '#SymphonicMagic', '#Gewinnspiel', '#SigniertesArtwork']"
https://www.instagram.com/cinecittamultiplexkino/p/DC1UwNxgFyo/,[]
https://www.instagram.com/cinecittamultiplexkino/p/DCydQx-O0SH/,['#sneakpreview']
https://www.instagram.com/rendezvous.nue/reel/DCyKS_Vtqd5/,"['#house', '#housemusic', '#cinecitta', '#afterwork', '#nürnberg', '#nürnbergfeiert', '#housemusiclovers', '#house']"
https://www.instagram.com/cinecittamultiplexkino/p/DCwlrOhOSQ9/,"['#MagicTheGathering', '#CommanderNight', '#CinecittaEvents', '#Ultracomix', '#WorldOfDice', '#MTGsere']"
https://www.instagram.com/cinecittamultiplexkino/p/DCv5naDsxNO/,"['#Silvester2024', '#CINECITTA', '#InsNeueJahrTanztManBesser', '#PartyHighlight2024']"
https://www.instagram.com/cinecittamultiplexkino/reel/DCt2HrovXhU/,"['#SoloLeveling', '#SoloReAwakening', '#AnimePreview', '#AnimeFans', '#AnimeCommunity', '#KinoErlebnis', '#AnimeLovers', '#Manga', '#AnimeNews']"
https://www.instagram.com/cinecittamultiplexkino/p/DCtPGKeMGGp/,"['#CityOfDarkness', '#ADRENALINPreview', '#Zzzisch', '#KinoHighlight', '#FilmAbend']"
https://www.instagram.com/cinecittamultiplexkino/reel/DCrOChwJGJ6/,"['#EmiliaPerez', '#FilmTrailer', '#CannesHighlight']"
https://www.instagram.com/cinecittamultiplexkino/p/DCob8nussZT/,"['#sneakpreview', '#SpidersFilm', '#HorrorMovies', '#SneakPreview', '#MovieNight', '#FilmReview', '#HorrorAddict', '#SpinnenHorror']"
https://www.instagram.com/cinecittamultiplexkino/p/DCoD2ItNUiU/,[]
https://www.instagram.com/zotzy.official/reel/DCn1QF4NW2U/,"['#spiders', '#vermines', '#horrorfilm', '#spinnen']"
https://www.instagram.com/cinecittamultiplexkino/p/DCjBJl9NQwc/,"['#CINECITTA', '#AlterWeißerMann', '#Gewinnspiel', '#Kosename', '#FunOnly']"
https://www.instagram.com/cinecittamultiplexkino/p/DCgswXUtyYH/,"['#CINECITTA', '#KONKLAVE', '#RalphFiennes', '#MovieNight']"
https://www.instagram.com/cinecittamultiplexkino/p/DCgVdOjPquf/,[]
https://www.instagram.com/cinecittamultiplexkino/p/DCbSt35vpyZ/,[]
https://www.instagram.com/cinecittamultiplexkino/p/DCYt8PTxS3_/,[]
https://www.instagram.com/cinecittamultiplexkino/p/DCWQJ5gJ7BT/,['#sneakpreview']
https://www.instagram.com/cinecittamultiplexkino/p/DCWCRWIt0RL/,[]
https://www.instagram.com/cinecittamultiplexkino/p/DCUiOS1NKoB/,[]
https://www.instagram.com/cinecittamultiplexkino/reel/DCT7cXXNwYm/,[]
https://www.instagram.com/cinecittamultiplexkino/p/DCT3ER6sHEY/,[]
https://www.instagram.com/cinecittamultiplexkino/reel/DCTrK1JulG9/,"['#kino', '#gladiator', '#nbg', '#nürnberg', '#cinecittanürnberg']"
https://www.instagram.com/cinecittamultiplexkino/p/DCR9evCvv_G/,[]
https://www.instagram.com/cinecittamultiplexkino/p/DCRnwQnOU7n/,[]
https://www.instagram.com/cinecittamultiplexkino/p/DCQ9LuItko1/,"['#sneakpreview', '#cinecitta']"
https://www.instagram.com/cinecittamultiplexkino/p/DCHVtK-suPV/,[]
https://www.instagram.com/cinecittamultiplexkino/p/DCEHnC1sXJb/,[]
