Post URL,Post Date
https://www.instagram.com/cinecittamultiplexkino/p/DC_Wap2N_cu/,30. November 2024
https://www.instagram.com/cinecittamultiplexkino/p/DC6Iz3rJXsu/,28. November 2024
https://www.instagram.com/cinecittamultiplexkino/p/C5J4ojVLzbO/,30. MÃ¤rz 2024
https://www.instagram.com/cinecittamultiplexkino/p/DC_t2C2sWhW/,30. November 2024
https://www.instagram.com/cinecittamultiplexkino/p/DC6Y0jyJTKW/,28. November 2024
https://www.instagram.com/cinecittamultiplexkino/p/DC3yTDSt9AG/,27. November 2024
https://www.instagram.com/cinecittamultiplexkino/p/DC1UwNxgFyo/,26. November 2024
https://www.instagram.com/cinecittamultiplexkino/p/DCydQx-O0SH/,25. November 2024
https://www.instagram.com/rendezvous.nue/reel/DCyKS_Vtqd5/,25. November 2024
https://www.instagram.com/cinecittamultiplexkino/p/DCwlrOhOSQ9/,24. November 2024
https://www.instagram.com/cinecittamultiplexkino/p/DCv5naDsxNO/,24. November 2024
https://www.instagram.com/cinecittamultiplexkino/reel/DCt2HrovXhU/,23. November 2024
https://www.instagram.com/cinecittamultiplexkino/p/DCtPGKeMGGp/,23. November 2024
https://www.instagram.com/cinecittamultiplexkino/reel/DCrOChwJGJ6/,22. November 2024
https://www.instagram.com/cinecittamultiplexkino/p/DCob8nussZT/,21. November 2024
https://www.instagram.com/cinecittamultiplexkino/p/DCoD2ItNUiU/,21. November 2024
https://www.instagram.com/zotzy.official/reel/DCn1QF4NW2U/,21. November 2024
https://www.instagram.com/cinecittamultiplexkino/p/DCjBJl9NQwc/,19. November 2024
https://www.instagram.com/cinecittamultiplexkino/p/DCgswXUtyYH/,18. November 2024
https://www.instagram.com/cinecittamultiplexkino/p/DCgVdOjPquf/,18. November 2024
https://www.instagram.com/cinecittamultiplexkino/p/DCbSt35vpyZ/,16. November 2024
https://www.instagram.com/cinecittamultiplexkino/p/DCYt8PTxS3_/,15. November 2024
https://www.instagram.com/cinecittamultiplexkino/p/DCWQJ5gJ7BT/,14. November 2024
https://www.instagram.com/cinecittamultiplexkino/p/DCWCRWIt0RL/,14. November 2024
https://www.instagram.com/cinecittamultiplexkino/p/DCUiOS1NKoB/,13. November 2024
https://www.instagram.com/cinecittamultiplexkino/reel/DCT7cXXNwYm/,13. November 2024
https://www.instagram.com/cinecittamultiplexkino/p/DCT3ER6sHEY/,13. November 2024
https://www.instagram.com/cinecittamultiplexkino/reel/DCTrK1JulG9/,13. November 2024
https://www.instagram.com/cinecittamultiplexkino/p/DCR9evCvv_G/,12. November 2024
https://www.instagram.com/cinecittamultiplexkino/p/DCRnwQnOU7n/,12. November 2024
https://www.instagram.com/cinecittamultiplexkino/p/DCQ9LuItko1/,12. November 2024
https://www.instagram.com/cinecittamultiplexkino/p/DCHVtK-suPV/,8. November 2024
https://www.instagram.com/cinecittamultiplexkino/p/DCEHnC1sXJb/,7. November 2024
https://www.instagram.com/cinecittamultiplexkino/p/DCEF4BytpeY/,7. November 2024
https://www.instagram.com/cinecittamultiplexkino/p/DB_LwnIt9t0/,5. November 2024
https://www.instagram.com/cinecittamultiplexkino/p/DB9FzTFv1Ur/,4. November 2024
https://www.instagram.com/cinecittamultiplexkino/p/DB8qU64toVo/,4. November 2024
https://www.instagram.com/cinecittamultiplexkino/p/DB8gmjYuNzB/,4. November 2024
https://www.instagram.com/cinecittamultiplexkino/p/DB3_CurMK_b/,2. November 2024
https://www.instagram.com/cinecittamultiplexkino/p/DB0rDqcNL_j/,1. November 2024
https://www.instagram.com/cinecittamultiplexkino/p/DB0q0MeNBbB/,1. November 2024
https://www.instagram.com/cinecittamultiplexkino/reel/DBypXfLNBpG/,31. Oktober 2024
https://www.instagram.com/cinecittamultiplexkino/p/DBydYFSpHc2/,31. Oktober 2024
https://www.instagram.com/cinecittamultiplexkino/p/DByGGe5vsak/,31. Oktober 2024
https://www.instagram.com/zotzy.official/reel/DBxwQ-yNY0K/,31. Oktober 2024
https://www.instagram.com/cinecittamultiplexkino/p/DBwOJ9luG0V/,30. Oktober 2024
https://www.instagram.com/cinecittamultiplexkino/reel/DBwNTNHoQSR/,30. Oktober 2024
https://www.instagram.com/cinecittamultiplexkino/reel/DBvyhHftY5-/,30. Oktober 2024
https://www.instagram.com/cinecittamultiplexkino/p/DBqtVFPsqfY/,28. Oktober 2024
https://www.instagram.com/cinecittamultiplexkino/p/DBqoba-N-ui/,28. Oktober 2024
https://www.instagram.com/cinecittamultiplexkino/reel/DBkx-EVPU9G/,26. Oktober 2024
https://www.instagram.com/cinecittamultiplexkino/reel/DBiNOaMBlIT/,25. Oktober 2024
https://www.instagram.com/davide_grisolia_films/p/DBhhSQLoJn-/,25. Oktober 2024
https://www.instagram.com/davide_grisolia_films/p/DBgMgQQoGtv/,24. Oktober 2024
https://www.instagram.com/cinecittamultiplexkino/p/DBgEs3vsYA6/,24. Oktober 2024
https://www.instagram.com/davide_grisolia_films/p/DBgAE-3Ih0M/,24. Oktober 2024
https://www.instagram.com/cinecittamultiplexkino/p/DBf2t_BRidW/,24. Oktober 2024
https://www.instagram.com/cinecittamultiplexkino/p/DBfo7tdNpV2/,24. Oktober 2024
https://www.instagram.com/cinecittamultiplexkino/p/DBeCWvgtQc1/,23. Oktober 2024
https://www.instagram.com/cinecittamultiplexkino/p/DBdediRN0Mp/,23. Oktober 2024
https://www.instagram.com/cinecittamultiplexkino/p/DBdItj2tf4z/,23. Oktober 2024
https://www.instagram.com/cinecittamultiplexkino/reel/DBask7zsEYH/,22. Oktober 2024
https://www.instagram.com/cinecittamultiplexkino/p/DBYq4QFNYga/,21. Oktober 2024
https://www.instagram.com/davide_grisolia_films/p/DBUAeTZIs4D/,19. Oktober 2024
https://www.instagram.com/wotsittv/reel/DBTcW8YuNaw/,19. Oktober 2024
https://www.instagram.com/cinecittamultiplexkino/reel/DBTSLO4uhcJ/,19. Oktober 2024
https://www.instagram.com/cinecittamultiplexkino/p/DBSw9TWtQZz/,19. Oktober 2024
https://www.instagram.com/cinecittamultiplexkino/p/DBSw9U5tYpk/,19. Oktober 2024
https://www.instagram.com/cinecittamultiplexkino/reel/DBQgyVfMhsD/,18. Oktober 2024
https://www.instagram.com/cinecittamultiplexkino/p/DBQad-eu4FT/,18. Oktober 2024
https://www.instagram.com/davide_grisolia_films/p/DBPo6-QI30S/,18. Oktober 2024
https://www.instagram.com/cinecittamultiplexkino/p/DBPA1cFs8iP/,17. Oktober 2024
https://www.instagram.com/davide_grisolia_films/reel/DBO01WRoAeN/,17. Oktober 2024
https://www.instagram.com/cinecittamultiplexkino/p/DBOIA-Dtj4R/,17. Oktober 2024
https://www.instagram.com/cinecittamultiplexkino/p/DBN8G9MtSSw/,17. Oktober 2024
https://www.instagram.com/davide_grisolia_films/p/DBN7Oq-odPj/,17. Oktober 2024
https://www.instagram.com/cinecittamultiplexkino/p/DBN5rG7MBjz/,17. Oktober 2024
https://www.instagram.com/cinecittamultiplexkino/p/DBM3VlwvAiZ/,17. Oktober 2024
https://www.instagram.com/davide_grisolia_films/p/DBLhldWIZ5L/,16. Oktober 2024
https://www.instagram.com/cinecittamultiplexkino/reel/DBLWslCq4Q5/,16. Oktober 2024
https://www.instagram.com/davide_grisolia_films/p/DBJqPK9oxi8/,15. Oktober 2024
https://www.instagram.com/cinecittamultiplexkino/p/DBJPC6uNA_8/,15. Oktober 2024
https://www.instagram.com/cinecittamultiplexkino/p/DBJHF20sG88/,15. Oktober 2024
https://www.instagram.com/davide_grisolia_films/p/DBJAE72ob9G/,15. Oktober 2024
https://www.instagram.com/davide_grisolia_films/reel/DBG8YKfoSk0/,14. Oktober 2024
https://www.instagram.com/cinecittamultiplexkino/reel/DBGuBz0peGt/,14. Oktober 2024
https://www.instagram.com/cinecittamultiplexkino/p/DBGaMj-PNxd/,14. Oktober 2024
https://www.instagram.com/cinecittamultiplexkino/reel/DBGJZVVuxFZ/,14. Oktober 2024
https://www.instagram.com/cinecittamultiplexkino/p/DA-2qPATRHf/,11. Oktober 2024
https://www.instagram.com/cinecittamultiplexkino/p/DA-0Xi1zjek/,11. Oktober 2024
https://www.instagram.com/davide_grisolia_films/p/DA-K2KJIwbF/,11. Oktober 2024
https://www.instagram.com/cinecittamultiplexkino/reel/DA8VWLjNhot/,10. Oktober 2024
https://www.instagram.com/cinecittamultiplexkino/p/DA8VDsBtC0w/,10. Oktober 2024
https://www.instagram.com/cinecittamultiplexkino/p/DA7_6bWt5OM/,10. Oktober 2024
https://www.instagram.com/cinecittamultiplexkino/p/DA76kxcOBKW/,10. Oktober 2024
https://www.instagram.com/cinecittamultiplexkino/p/DA6afEcyiwL/,9. Oktober 2024
https://www.instagram.com/cinecittamultiplexkino/p/DA6RHe0Nkvp/,9. Oktober 2024
https://www.instagram.com/cinecittamultiplexkino/p/DA553b7NrvO/,9. Oktober 2024
https://www.instagram.com/cinecittamultiplexkino/p/DA5rWcEO0zd/,9. Oktober 2024
https://www.instagram.com/cinecittamultiplexkino/p/DA5f6RJtQkf/,9. Oktober 2024
https://www.instagram.com/cinecittamultiplexkino/reel/DA5dr5Yu6Sq/,9. Oktober 2024
https://www.instagram.com/cinecittamultiplexkino/p/DA3HKz1sMpS/,8. Oktober 2024
https://www.instagram.com/cinecittamultiplexkino/p/DA2w5OuMPhn/,8. Oktober 2024
https://www.instagram.com/cinecittamultiplexkino/p/DA0tQf1t1DA/,7. Oktober 2024
https://www.instagram.com/cinecittamultiplexkino/reel/DA0lxkbOT0h/,7. Oktober 2024
https://www.instagram.com/cinecittamultiplexkino/p/DA0S6hKNg8v/,7. Oktober 2024
https://www.instagram.com/davide_grisolia_films/p/DAyZiVWN_zj/,6. Oktober 2024
https://www.instagram.com/zotzy.official/reel/DAxlY2Iu1F-/,6. Oktober 2024
https://www.instagram.com/davide_grisolia_films/reel/DAq45QBN4GQ/,3. Oktober 2024
https://www.instagram.com/cinecittamultiplexkino/p/DAp5Fy0tIBF/,3. Oktober 2024
https://www.instagram.com/davide_grisolia_films/reel/DAoIiM7NxdS/,3. Oktober 2024
https://www.instagram.com/cinecittamultiplexkino/p/DAnh3BZNGg4/,2. Oktober 2024
https://www.instagram.com/cinecittamultiplexkino/reel/DAnghDduMFV/,2. Oktober 2024
https://www.instagram.com/cinecittamultiplexkino/p/DAnUH2Xtxu9/,2. Oktober 2024
https://www.instagram.com/cinecittamultiplexkino/reel/DAlGNsFpsTG/,1. Oktober 2024
https://www.instagram.com/cinecittamultiplexkino/p/DAk7265PFwh/,1. Oktober 2024
https://www.instagram.com/cinecittamultiplexkino/p/DAkvTs8uJHz/,1. Oktober 2024
https://www.instagram.com/cinecittamultiplexkino/p/DAi6vUGtjRe/,30. September 2024
https://www.instagram.com/cinecittamultiplexkino/p/DAibUc1t9Ej/,30. September 2024
https://www.instagram.com/zotzy.official/reel/DAiVgz0u3Ae/,30. September 2024
https://www.instagram.com/cinecittamultiplexkino/p/DAiKimCtSGK/,30. September 2024
https://www.instagram.com/cinecittamultiplexkino/reel/DAh8UB8pxli/,30. September 2024
https://www.instagram.com/cinecittamultiplexkino/reel/DAdiMooJDXY/,28. September 2024
https://www.instagram.com/cinecittamultiplexkino/reel/DAdUb05JkRc/,28. September 2024
https://www.instagram.com/cinecittamultiplexkino/p/DAacI5zJI7c/,27. September 2024
https://www.instagram.com/cinecittamultiplexkino/reel/DAZdzFQJ2u6/,27. September 2024
https://www.instagram.com/cinecittamultiplexkino/p/DAYj6xavS3C/,26. September 2024
https://www.instagram.com/cinecittamultiplexkino/p/DAYWfZMty1H/,26. September 2024
https://www.instagram.com/zotzy.official/reel/DAX_B1jO8H1/,26. September 2024
https://www.instagram.com/cinecittamultiplexkino/p/DAX3Yums5ZK/,26. September 2024
https://www.instagram.com/cinecittamultiplexkino/p/DAWXY-Rtcme/,25. September 2024
https://www.instagram.com/cinecittamultiplexkino/p/DAVuhOptrhJ/,25. September 2024
https://www.instagram.com/cinecittamultiplexkino/p/DAVrDDXNlIn/,25. September 2024
https://www.instagram.com/cinecittamultiplexkino/p/DAVSkvMtjyr/,25. September 2024
https://www.instagram.com/cinecittamultiplexkino/reel/DATWxcxt5dF/,24. September 2024
https://www.instagram.com/zotzy.official/reel/DATOxaBN7Hy/,24. September 2024
https://www.instagram.com/cinecittamultiplexkino/p/DAStzaYtbnW/,24. September 2024
https://www.instagram.com/cinecittamultiplexkino/p/DAQMbPzN1eq/,23. September 2024
https://www.instagram.com/cinecittamultiplexkino/p/DAGs96EtBKw/,19. September 2024
https://www.instagram.com/zotzy.official/reel/DAGSRg_N3n8/,19. September 2024
https://www.instagram.com/cinecittamultiplexkino/p/DAGDURNNcse/,19. September 2024
https://www.instagram.com/cinecittamultiplexkino/p/DAFySy9tdKT/,19. September 2024
https://www.instagram.com/cinecittamultiplexkino/p/DADKGp5Nuth/,18. September 2024
https://www.instagram.com/cinecittamultiplexkino/reel/DAA3-byOhw8/,17. September 2024
